0,link
0,https://www.efloorball.net/p/40262/oxdog-player-33-bl-floorball-stick?ts=p_1_3_1
1,https://www.efloorball.net/p/33372/salming-hawk-ultralite-f32-floorball-stick?ts=p_1_3_2
2,https://www.efloorball.net/p/35690/floorbee-junkers-35-floorball-stick?ts=p_1_3_3
3,https://www.efloorball.net/p/34586/floorbee-douglas-32-floorball-stick?ts=p_1_3_4
4,https://www.efloorball.net/p/40264/floorbee-douglas-32-composite-black-green-floorball-stick?ts=p_1_3_5
5,https://www.efloorball.net/p/34626/floorbee-falcon-pro-26-floorball-stick?ts=p_1_3_6
6,https://www.efloorball.net/p/38452/oxdog-winner-33-floorball-stick?ts=p_1_3_7
7,https://www.efloorball.net/p/34624/floorbee-spitfire-pro-29-floorball-stick?ts=p_1_3_8
8,https://www.efloorball.net/p/34622/floorbee-spitfire-29-floorball-stick?ts=p_1_3_9
9,https://www.efloorball.net/p/38682/salming-flow-ultralite-f32-cerna-tyrkysova-floorball-stick?ts=p_1_3_10
10,https://www.efloorball.net/p/35669/floorbee-albatross-36-yellow-floorball-stick?ts=p_1_3_11
11,https://www.efloorball.net/p/34620/floorbee-falcon-26-floorball-stick?ts=p_1_3_12
12,https://www.efloorball.net/p/37542/oxdog-fusion-light-32-uv-round-nb-floorball-stick?ts=p_1_3_13
13,https://www.efloorball.net/p/40266/floorbee-douglas-32-compostie-red-white-floorball-stick?ts=p_1_3_14
14,https://www.efloorball.net/p/35107/salming-q1-tourlite-sr-floorball-stick?ts=p_1_3_15
15,https://www.efloorball.net/p/35079/salming-raven-xtremelite-floorball-stick?ts=p_1_3_16
16,https://www.efloorball.net/p/40267/floorbee-albatross-36-composite-white-green-floorball-stick?ts=p_1_3_17
17,https://www.efloorball.net/p/35218/zone-floorball-zuper-composite-light-29-white-turquoise-floorball-stick?ts=p_1_3_18
18,https://www.efloorball.net/p/38632/oxdog-ultralight-hes-29-wt-round-mbc2-floorball-stick?ts=p_1_3_19
19,https://www.efloorball.net/p/38621/oxdog-hyperlight-hes-27-bk-round-mbc-floorball-stick?ts=p_1_3_20
20,https://www.efloorball.net/p/38099/unihoc-iconic-superskin-reg-26-white-black-floorball-stick?ts=p_1_3_21
21,https://www.efloorball.net/p/39306/zone-floorball-hyper-composite-29-black-ice-pink-floorball-stick?ts=p_1_3_22
22,https://www.efloorball.net/p/36997/unihoc-iconic-superskin-pro-fl-29-black-turquoise-floorball-stick?ts=p_1_3_23
23,https://www.efloorball.net/p/33365/salming-hawk-tourlite-aero-floorball-stick?ts=p_1_3_24
24,https://www.efloorball.net/p/38623/oxdog-hyperlight-hes-29-bk-round-mbc-floorball-stick?ts=p_1_3_25
25,https://www.efloorball.net/p/37258/zone-floorball-hyper-air-ultralight-29-white-marble-floorball-stick?ts=p_1_3_26
26,https://www.efloorball.net/p/16999/floorball-stick-unihoc-cavity-curve-1-5-29-smu-15?ts=p_1_3_27
27,https://www.efloorball.net/p/40263/floorbee-mini-starter-floorball-stick?ts=p_1_3_28
28,https://www.efloorball.net/p/40368/oxdog-g-o-a-t-supersonic-hes-27-au-round-mbc2-floorball-stick?ts=p_1_3_29
29,https://www.efloorball.net/p/35234/zone-floorball-zuper-airlight-27-holographic-white-floorball-stick?ts=p_1_3_30
30,https://www.efloorball.net/p/39340/unihoc-unilite-superskin-max-titan-26-black-floorball-stick?ts=p_1_3_31
31,https://www.efloorball.net/p/38625/oxdog-ultimatelight-hes-27-co-round-mbc2-floorball-stick?ts=p_1_3_32
32,https://www.efloorball.net/p/35150/salming-q5-composite-27-floorball-stick?ts=p_1_3_33
33,https://www.efloorball.net/p/27278/unihoc-sniper-30-floorbal-stick?ts=p_1_3_34
34,https://www.efloorball.net/p/38644/oxdog-sense-hes-30-tb-round-mb-floorball-stick?ts=p_1_3_35
35,https://www.efloorball.net/p/37345/salming-flow-powerfly-floorball-stick?ts=p_1_3_36
36,https://www.efloorball.net/p/40268/floorbee-falcon-26-carbon-composite-black-blue-floorball-stick?ts=p_1_3_37
37,https://www.efloorball.net/p/35127/salming-mini-floorball-stick?ts=p_1_3_38
38,https://www.efloorball.net/p/39391/unihoc-player-top-light-29-gold-black-floorball-stick?ts=p_1_3_39
39,https://www.efloorball.net/p/35181/unihoc-iconic-superskin-pro-26-white-blue-floorball-stick?ts=p_1_3_40
40,https://www.efloorball.net/p/35078/salming-raptor-xtremelite-floorball-stick?ts=p_1_3_41
41,https://www.efloorball.net/p/33988/salming-hawk-27-smu-floorball-stick?ts=p_1_3_42
42,https://www.efloorball.net/p/39325/unihoc-epic-youngster-composite-36-white-floorball-stick?ts=p_1_3_43
43,https://www.efloorball.net/p/38641/oxdog-sense-hes-27-tb-round-mbc-floorball-stick?ts=p_1_3_44
44,https://www.efloorball.net/p/40265/floorbee-albatross-mini-jet-floorball-stick?ts=p_1_3_45
45,https://www.efloorball.net/p/38672/floorbee-junkers-jet-smu-floorball-stick?ts=p_1_3_46
46,https://www.efloorball.net/p/34897/zone-floorball-maker-air-ul-27-friends-hello-limited-edition-floorball-stick?ts=p_1_3_47
47,https://www.efloorball.net/p/38629/oxdog-ultralight-hes-27-wt-round-mbc2-floorball-stick?ts=p_1_3_48
48,https://www.efloorball.net/p/39339/unihoc-unilite-superskin-max-titan-29-black-yellow-floorball-stick?ts=p_1_3_49
49,https://www.efloorball.net/p/38643/oxdog-sense-hes-30-tb-sweoval-mb-floorball-stick?ts=p_1_3_50
50,https://www.efloorball.net/p/33989/salming-hawk-tourlite-touchplus-smu-floorball-stick?ts=p_1_3_51
51,https://www.efloorball.net/p/17104/floorball-stick-splash-junior-15?ts=p_1_3_52
52,https://www.efloorball.net/p/38620/oxdog-hyperlight-hes-27-bk-sweoval-mbc-floorball-stick?ts=p_1_3_53
53,https://www.efloorball.net/p/37067/unihoc-epic-titan-superskin-pro-29-white-cerise-floorball-stick?ts=p_1_3_54
54,https://www.efloorball.net/p/38103/unihoc-epic-glnt-superskin-reg-26-white-floorball-stick?ts=p_1_3_55
55,https://www.efloorball.net/p/39389/exel-e-fect-black-2-6-round-mb-floorball-stick?ts=p_1_3_56
56,https://www.efloorball.net/p/39412/exel-e-lite-black-2-9-round-mb-floorball-stick?ts=p_1_3_57
57,https://www.efloorball.net/p/39403/exel-e-lite-white-2-6-round-mb-floorball-stick?ts=p_1_3_58
58,https://www.efloorball.net/p/40473/zone-floorball-harder-air-light-31-white-ice-blue-floorball-stick?ts=p_1_3_59
59,https://www.efloorball.net/p/15973/floorball-stick-unihoc-cavity-triangle-26-black-15?ts=p_1_3_60
60,https://www.efloorball.net/p/38624/oxdog-hyperlight-hes-26-bk-oval-mbc-floorball-stick?ts=p_1_3_61
61,https://www.efloorball.net/p/35182/unihoc-epic-superskin-max-26-white-black-floorball-stick?ts=p_1_3_62
62,https://www.efloorball.net/p/38627/oxdog-ultimatelight-hes-27-co-sweoval-mbc2-floorball-stick?ts=p_1_3_63
63,https://www.efloorball.net/p/37318/salming-flow-powerlite-aero-floorball-stick?ts=p_1_3_64
64,https://www.efloorball.net/p/38631/oxdog-ultralight-hes-29-wt-oval-mbc2-floorball-stick?ts=p_1_3_65
65,https://www.efloorball.net/p/38630/oxdog-ultralight-hes-27-wt-oval-mbc2-floorball-stick?ts=p_1_3_66
66,https://www.efloorball.net/p/37770/exel-e-lite-black-2-6-oval-mb-floorball-stick?ts=p_1_3_67
67,https://www.efloorball.net/p/33265/zone-floorball-hyper-air-fight-cancer-4-30-all-pink-floorball-stick?ts=p_1_3_68
68,https://www.efloorball.net/p/25811/unihoc-replayer-curve-2-0-29-black-neon-green-floorbal-stick?ts=p_1_3_69
69,https://www.efloorball.net/p/39396/exel-shock-absorber-black-2-6-round-mb-floorball-stick?ts=p_1_3_70
70,https://www.efloorball.net/p/25757/unihoc-player-curve-2-0-26-white-neon-green-floorbal-stick?ts=p_1_3_71
71,https://www.efloorball.net/p/40475/zone-floorball-harder-air-ul-29-black-ice-purple-floorball-stick?ts=p_1_3_72
72,https://www.efloorball.net/p/37267/zone-floorball-harder-air-balance-sl-26-pc-platinum-white-floorball-stick?ts=p_1_3_73
73,https://www.efloorball.net/p/35109/salming-hawk-kickzone-35-florbalova-hul?ts=p_1_3_74
74,https://www.efloorball.net/p/17254/floorball-stick-lexx-lupa-a2-2-9-oval-black-green-15?ts=p_1_3_75
75,https://www.efloorball.net/p/33346/salming-raptor-tourlite-youth-flororball-stick?ts=p_1_3_76
76,https://www.efloorball.net/p/39482/zone-floorball-harder-air-balance-sl-28-grey-floorball-stick?ts=p_1_3_77
77,https://www.efloorball.net/p/17186/floorball-stick-poppis-junior-15?ts=p_1_3_78
78,https://www.efloorball.net/p/40486/zone-floorball-dream-al-27-pro-black-rainbow-floorball-stick?ts=p_1_3_79
79,https://www.efloorball.net/p/36025/floorbee-spitfire-pro-29-silver-floorball-stick?ts=p_1_3_80
80,https://www.efloorball.net/p/40419/tempish-ghast-2-junior-floorbal-stick?ts=p_1_3_81
81,https://www.efloorball.net/p/27348/exel-v100-green-2-6-103-round-mb-floorbal-stick?ts=p_1_3_82
82,https://www.efloorball.net/p/40316/mps-wildstick-30-floorball-stick?ts=p_1_3_83
83,https://www.efloorball.net/p/1975/floorball-stick-canadien-super-curve-27-white?ts=p_1_3_84
84,https://www.efloorball.net/p/17284/floorball-stick-lexx-xcurve-c4-3-2-pink-black-15?ts=p_1_3_85
85,https://www.efloorball.net/p/39334/unihoc-epic-carbskin-fl-29-black-orange-floorball-stick?ts=p_1_3_86
86,https://www.efloorball.net/p/32886/mps-boomerang-30-floorball-stick?ts=p_1_3_87
87,https://www.efloorball.net/p/37353/salming-hawk-re-flex-27-floorball-stick?ts=p_1_3_88
88,https://www.efloorball.net/p/34231/necy-sioux-floorball-stick?ts=p_1_3_89
89,https://www.efloorball.net/p/37544/oxdog-iroc-27-wt-oval-mb-floorball-stick?ts=p_1_3_90
90,https://www.efloorball.net/p/38100/unihoc-iconic-eco-composite-28-white-floorball-stick?ts=p_1_3_91
91,https://www.efloorball.net/p/39304/zone-floorball-hyper-composite-27-black-white-floorball-stick?ts=p_1_3_92
92,https://www.efloorball.net/p/17210/floorball-stick-lexx-swiss-novibrations-c4-2-6-15?ts=p_1_3_93
93,https://www.efloorball.net/p/40483/zone-floorball-zuper-air-jr-35-glowing-white-floorball-stick?ts=p_1_3_94
94,https://www.efloorball.net/p/37265/zone-floorball-maker-air-balance-sl-28-pc-titanium-black-floorball-stick?ts=p_1_3_95
95,https://www.efloorball.net/p/40481/zone-floorball-dream-airlight-27-graphite-cerise-96cm-floorball-stick?ts=p_1_3_96
96,https://www.efloorball.net/p/39361/salming-quest1-xtremelite-29-floorball-stick?ts=p_1_3_97
97,https://www.efloorball.net/p/39329/unihoc-epic-superskin-regular-26-silver-floorball-stick?ts=p_1_3_98
98,https://www.efloorball.net/p/37007/unihoc-iconic-supershape-curve-1-0-29-white-turquoise-floorball-stick?ts=p_1_3_99
99,https://www.efloorball.net/p/40480/zone-floorball-zuper-airlight-28-silver-mint-floorball-stick?ts=p_1_3_100
100,https://www.efloorball.net/p/40479/zone-floorball-harder-airlight-29-black-purple-floorball-stick?ts=p_1_3_101
101,https://www.efloorball.net/p/40478/zone-floorball-harder-air-sl-27-sparkle-grey-floorball-stick?ts=p_1_3_102
102,https://www.efloorball.net/p/31751/unihoc-player-26-x-long-white-black-floorball-stick?ts=p_1_3_103
103,https://www.efloorball.net/p/37781/exel-turboboost-orange-3-4-round-sb-floorball-stick?ts=p_1_3_104
104,https://www.efloorball.net/p/40468/salming-quest1-powerlite-aero-29-neon-blue-floorball-stick?ts=p_1_3_105
105,https://www.efloorball.net/p/40477/zone-floorball-dream-air-sl-28-all-ice-mint-floorball-stick?ts=p_1_3_106
106,https://www.efloorball.net/p/39446/zone-floorball-zuper-air-jr-35-black-silver-random-blade-color-floorball-stick?ts=p_1_3_107
107,https://www.efloorball.net/p/40474/zone-floorball-dream-air-light-29-white-ice-coral-floorball-stick?ts=p_1_3_108
108,https://www.efloorball.net/p/39333/unihoc-iconic-superskin-slim-fl-26-floorball-stick?ts=p_1_3_109
109,https://www.efloorball.net/p/40470/salming-quest1-powerlite-aero-29-neon-green-floorball-stick?ts=p_1_3_110
110,https://www.efloorball.net/p/17226/floorball-stick-lexx-arctic-a2-2-6-black-silver-15?ts=p_1_3_111
111,https://www.efloorball.net/p/35091/salming-hawk-tourlite-aero-floorball-stick?ts=p_1_3_112
112,https://www.efloorball.net/p/39399/exel-shock-absorber-white-2-9-round-mb-floorball-stick?ts=p_1_3_113
113,https://www.efloorball.net/p/38640/oxdog-sense-hes-27-tb-oval-mbc-floorball-stick?ts=p_1_3_114
114,https://www.efloorball.net/p/17250/floorball-stick-lexx-lupa-a2-2-9-black-green-15?ts=p_1_3_115
115,https://www.efloorball.net/p/39330/unihoc-epic-superskin-pro-29-white-floorball-stick?ts=p_1_3_116
116,https://www.efloorball.net/p/39478/zone-floorball-harder-air-light-29-black-ice-mint-floorball-stick?ts=p_1_3_117
117,https://www.efloorball.net/p/40476/zone-floorball-harder-air-ul-28-black-ice-green-floorball-stick?ts=p_1_3_118
118,https://www.efloorball.net/p/39450/exel-university-white-uniflex-round-sb-floorball-stick?ts=p_1_3_119
119,https://www.efloorball.net/p/39328/unihoc-epic-superskin-reg-29-white-silver-floorball-stick?ts=p_1_3_120
120,https://www.efloorball.net/p/37716/exel-shock-absorber-black-2-9-oval-mb-floorball-stick?ts=p_1_3_121
121,https://www.efloorball.net/p/37266/zone-floorball-zuper-air-balance-sl-27-aluminum-silver-floorball-stick?ts=p_1_3_122
122,https://www.efloorball.net/p/39307/zone-floorball-harder-air-light-31-white-icegreen-floorball-stick?ts=p_1_3_123
123,https://www.efloorball.net/p/39360/salming-quest1-xtremelite-27-floorball-stick?ts=p_1_3_124
124,https://www.efloorball.net/p/39415/exel-e-lite-black-2-9-oval-mb-floorball-stick?ts=p_1_3_125
125,https://www.efloorball.net/p/37271/zone-floorball-maker-airlight-26-triple-grey-floorball-stick?ts=p_1_3_126
126,https://www.efloorball.net/p/35204/unihoc-epic-titan-superskin-regular-26-black-graphite-floorball-stick?ts=p_1_3_127
127,https://www.efloorball.net/p/39397/exel-shock-absorber-black-2-6-oval-mb-floorball-stick?ts=p_1_3_128
128,https://www.efloorball.net/p/39822/fat-pipe-raw-concept-29-jab-fh2-floorball-stick?ts=p_1_3_129
129,https://www.efloorball.net/p/40485/zone-floorball-dream-al-26-pro-white-rainbow-floorball-stick?ts=p_1_3_130
130,https://www.efloorball.net/p/39390/exel-e-fect-black-2-6-oval-mb-floorball-stick?ts=p_1_3_131
131,https://www.efloorball.net/p/39934/eurostick-doodle-floorball-stick?ts=p_1_3_132
132,https://www.efloorball.net/p/40487/zone-floorball-hyper-al-27-pro-black-rainbow-oval-floorball-stick?ts=p_1_3_133
133,https://www.efloorball.net/p/39430/exel-x-play-white-2-9-round-sb-floorball-stick?ts=p_1_3_134
134,https://www.efloorball.net/p/38634/oxdog-ultralight-hes-31-wt-round-mb-floorball-stick?ts=p_1_3_135
135,https://www.efloorball.net/p/40501/unihoc-unilite-carbskin-titan-29-white-edt-floorball-stick?ts=p_1_3_136
136,https://www.efloorball.net/p/35160/fat-pipe-rc-27-independent-floorball-stick?ts=p_1_3_137
137,https://www.efloorball.net/p/40415/fat-pipe-venom-27-black-jab-floorball-stick?ts=p_1_3_138
138,https://www.efloorball.net/p/40469/salming-quest1-powerlite-aero-27-neon-green-floorball-stick?ts=p_1_3_139
139,https://www.efloorball.net/p/39423/exel-s1-black-2-6-square-mb-floorball-stick?ts=p_1_3_140
140,https://www.efloorball.net/p/39303/zone-floorball-hyper-composite-light-28-white-black-floorball-stick?ts=p_1_3_141
141,https://www.efloorball.net/p/17206/floorball-stick-lexx-swiss-c4-2-9-oval-novibrations-15?ts=p_1_3_142
142,https://www.efloorball.net/p/38628/oxdog-ultralight-hes-25-wt-oval-mbc2-floorball-stick?ts=p_1_3_143
143,https://www.efloorball.net/p/38636/oxdog-vx-hes-27-mm-round-mbc-floorball-stick?ts=p_1_3_144
144,https://www.efloorball.net/p/15963/floorball-stick-unihoc-player-curve-1-5-stl-29-cerise-white-15?ts=p_1_3_145
145,https://www.efloorball.net/p/17120/floorball-stick-kid2-15?ts=p_1_3_146
146,https://www.efloorball.net/p/40440/fat-pipe-fp-concept-27-we-jab-floorball-stick?ts=p_1_3_147
147,https://www.efloorball.net/p/17208/floorball-stick-lexx-swiss-novibrations-c4-2-3-15?ts=p_1_3_148
148,https://www.efloorball.net/p/28924/necy-tribal-junior-floorbal-stick?ts=p_1_3_149
149,https://www.efloorball.net/p/39314/zone-floorball-harder-air-ul-28-white-ice-coral-floorball-stick?ts=p_1_3_150
150,https://www.efloorball.net/p/40466/salming-quest1-powerlite-aero-29-neon-pink-floorball-stick?ts=p_1_3_151
151,https://www.efloorball.net/p/39808/fat-pipe-comet-33-raw-floorball-stick?ts=p_1_3_152
152,https://www.efloorball.net/p/27280/unihoc-winner-35-black-green-floorbal-stick?ts=p_1_3_153
153,https://www.efloorball.net/p/39331/unihoc-epic-superskin-pro-26-white-floorball-stick?ts=p_1_3_154
154,https://www.efloorball.net/p/38633/oxdog-ultralight-hes-31-wt-sweoval-mb-floorball-stick?ts=p_1_3_155
155,https://www.efloorball.net/p/40484/zone-floorball-dream-airlight-26-pro-white-blue-floorball-stick?ts=p_1_3_156
156,https://www.efloorball.net/p/39374/salming-quest1-powerlite-aero-tc-3-floorball-stick?ts=p_1_3_157
157,https://www.efloorball.net/p/39332/unihoc-iconic-superskin-slim-fl-29-floorball-stick?ts=p_1_3_158
158,https://www.efloorball.net/p/39335/unihoc-epic-carbskin-fl-26-black-orange-floorball-stick?ts=p_1_3_159
159,https://www.efloorball.net/p/32192/salming-campus-aero-32-floorball-stick?ts=p_1_3_160
160,https://www.efloorball.net/p/38648/oxdog-fusion-light-27-wt-oval-mb-floorball-stick?ts=p_1_3_161
161,https://www.efloorball.net/p/17212/floorball-stick-lexx-swiss-novibrations-c4-2-9-15?ts=p_1_3_162
162,https://www.efloorball.net/p/30417/unihoc-player-29-smu-black-red-floorbal-stick?ts=p_1_3_163
163,https://www.efloorball.net/p/38635/oxdog-vx-hes-27-fp-oval-mbc-floorball-stick?ts=p_1_3_164
164,https://www.efloorball.net/p/39448/exel-university-black-uniflex-round-sb-floorball-stick?ts=p_1_3_165
165,https://www.efloorball.net/p/40314/eurostick-force-one-premium-floorball-stick?ts=p_1_3_166
166,https://www.efloorball.net/p/39318/zone-floorball-harder-air-sl-26-black-ice-coral-floorball-stick?ts=p_1_3_167
167,https://www.efloorball.net/p/33382/salming-aero-z-32-floorball-stick?ts=p_1_3_168
168,https://www.efloorball.net/p/37259/zone-floorball-maker-air-ultralight-28-ice-white-floorball-stick?ts=p_1_3_169
169,https://www.efloorball.net/p/27586/unihoc-street-35-white-orange-floorbal-stick?ts=p_1_3_170
170,https://www.efloorball.net/p/39313/zone-floorball-maker-air-ul-29-glow-white-floorball-stick?ts=p_1_3_171
171,https://www.efloorball.net/p/39393/exel-e-fect-white-2-9-round-mb-floorball-stick?ts=p_1_3_172
172,https://www.efloorball.net/p/17224/floorball-stick-lexx-arctic-a2-2-3-black-silver-15?ts=p_1_3_173
173,https://www.efloorball.net/p/39327/unihoc-unilite-superskin-mid-29-orange-floorball-stick?ts=p_1_3_174
174,https://www.efloorball.net/p/17128/floorball-stick-master-senior-95-106cm-15?ts=p_1_3_175
175,https://www.efloorball.net/p/21426/floorball-stick-salming-quest1-fatkick-kzn-tc-3-16?ts=p_1_3_176
176,https://www.efloorball.net/p/34357/necy-rose-thorn-floorball-stick?ts=p_1_3_177
177,https://www.efloorball.net/p/39479/zone-floorball-zuper-air-sl-27-rainbow-silver-floorball-stick?ts=p_1_3_178
178,https://www.efloorball.net/p/37347/salming-flow-powerfly-jr-floorball-stick?ts=p_1_3_179
179,https://www.efloorball.net/p/38639/oxdog-sense-hes-25-tb-oval-mbc-floorball-stick?ts=p_1_3_180
180,https://www.efloorball.net/p/39405/exel-e-lite-white-2-6-oval-mb-floorball-stick?ts=p_1_3_181
181,https://www.efloorball.net/p/39322/unihoc-epic-youngster-composite-36-black-floorball-stick?ts=p_1_3_182
182,https://www.efloorball.net/p/27364/unihoc-set-unihoc-sniper-30-floorball-set?ts=p_1_3_183
183,https://www.efloorball.net/p/38622/oxdog-hyperlight-hes-29-bk-sweoval-mbc-floorball-stick?ts=p_1_3_184
184,https://www.efloorball.net/p/40502/unihoc-unilite-carbskin-titan-26-white-edt-floorball-stick?ts=p_1_3_185
185,https://www.efloorball.net/p/37621/fat-pipe-k-o-26-jab-floorball-stick?ts=p_1_3_186
186,https://www.efloorball.net/p/35564/oxdog-cross-28-rd-round-nb-floorball-stick?ts=p_1_3_187
187,https://www.efloorball.net/p/39402/unihoc-player-curve-3-0-26-green-white-floorbal-stick?ts=p_1_3_188
188,https://www.efloorball.net/p/39435/exel-x-play-white-2-6-round-sb-floorball-stick?ts=p_1_3_189
189,https://www.efloorball.net/p/36995/unihoc-epic-superskin-regular-26-black-gold-floorball-stick?ts=p_1_3_190
190,https://www.efloorball.net/p/34616/floorbee-albatross-36-floorball-stick?ts=p_1_3_191
191,https://www.efloorball.net/p/38108/unihoc-basic-player-29-white-black-floorball-stick?ts=p_1_3_192
192,https://www.efloorball.net/p/33316/unihoc-cavity-z-32-neon-yellow-black-floorball-stick?ts=p_1_3_193
193,https://www.efloorball.net/p/40271/mps-evolution-navy-iff-floorball-stick?ts=p_1_1_194
194,https://www.efloorball.net/p/40467/salming-quest1-e-powerlite-aero-27-neon-blue-floorball-stick?ts=p_1_3_195
195,https://www.efloorball.net/p/39462/zone-floorball-zuper-air-jr-35-white-silver-floorball-stick?ts=p_1_3_196
196,https://www.efloorball.net/p/37746/exel-impact-black-2-9-round-mb-floorball-stick?ts=p_1_3_197
197,https://www.efloorball.net/p/25743/lexx-swiss-2-6-novibration-floorbal-stick?ts=p_1_3_198
198,https://www.efloorball.net/p/39815/fat-pipe-comet-27-raw-floorball-stick?ts=p_1_3_199
199,https://www.efloorball.net/p/40418/fat-pipe-alpha-27-jab?ts=p_1_3_200
200,https://www.efloorball.net/p/17134/floorball-set-kid-2-set-65-76cm-15?ts=p_1_3_201
201,https://www.efloorball.net/p/17220/floorball-stick-lexx-arctic-a2-2-9-15?ts=p_1_3_202
202,https://www.efloorball.net/p/38346/exel-miklu-black-2-6-limited-edition-floorball-stick?ts=p_1_3_203
203,https://www.efloorball.net/p/17262/floorball-stick-lexx-timber-c4-2-6-navy-silver-red-15?ts=p_1_3_204
204,https://www.efloorball.net/p/35227/zone-floorball-supreme-air-superlight-28-black-holographic-floorball-stick?ts=p_1_3_205
205,https://www.efloorball.net/p/39341/unihoc-unilite-evolab-29-black-silver-floorball-stick?ts=p_1_3_206
206,https://www.efloorball.net/p/27588/unihoc-fighter-35-red-black-floorbal-stick?ts=p_1_3_207
207,https://www.efloorball.net/p/38450/exel-e-lite-pink-2-6-round-mb-floorball-stick?ts=p_1_3_208
208,https://www.efloorball.net/p/40416/fat-pipe-hype-27-orange-orc-floorball-stick?ts=p_1_3_209
209,https://www.efloorball.net/p/39441/exel-sharp-white-orange-2-9-round-sb-floorball-stick?ts=p_1_3_210
210,https://www.efloorball.net/p/33314/unihoc-player-34-neon-orange-black-floorball-stick?ts=p_1_3_211
211,https://www.efloorball.net/p/40465/salming-quest1-powerlite-aero-27-neon-pink-floorball-stick?ts=p_1_3_212
212,https://www.efloorball.net/p/38637/oxdog-sense-hes-25-tb-oval-mbc-overlong-floorball-stick?ts=p_1_3_213
213,https://www.efloorball.net/p/37262/zone-floorball-harder-air-superlight-27-aqua-blue-floorball-stick?ts=p_1_3_214
214,https://www.efloorball.net/p/39342/unihoc-unilite-evolab-26-white-silver-floorball-stick?ts=p_1_3_215
215,https://www.efloorball.net/p/37269/zone-floorball-zuper-airlight-28-triple-silver-floorball-stick?ts=p_1_3_216
216,https://www.efloorball.net/p/33271/zone-floorball-maker-air-superlight-28-white-hologram-floorball-stick?ts=p_1_3_217
217,https://www.efloorball.net/p/37260/zone-floorball-maker-air-superlight-29-black-pink-floorball-stick?ts=p_1_3_218
218,https://www.efloorball.net/p/40238/exel-x-play-black-mint-3-2-round-sb-floorball-stick?ts=p_1_3_219
219,https://www.efloorball.net/p/32191/salming-campus-shooter-30-floorball-stick?ts=p_1_3_220
220,https://www.efloorball.net/p/35679/exel-impact-black-2-6-103-drop-oval-mb-floorball-stick?ts=p_1_3_221
221,https://www.efloorball.net/p/39384/salming-raven-tourlite-27-floorball-stick?ts=p_1_3_222
222,https://www.efloorball.net/p/39305/zone-floorball-zuper-air-jr-35-white-ice-blue-floorball-stick?ts=p_1_3_223
223,https://www.efloorball.net/p/39315/zone-floorball-hyper-air-sl-29-black-ts-floorball-stick?ts=p_1_3_224
224,https://www.efloorball.net/p/39316/zone-floorball-maker-air-sl-28-all-ice-pink-floorball-stick?ts=p_1_3_225
225,https://www.efloorball.net/p/30901/necy-medi-kid-set-floorball-set?ts=p_1_1_226
226,https://www.efloorball.net/p/39394/exel-e-fect-white-2-9-oval-mb-floorball-stick?ts=p_1_3_227
227,https://www.efloorball.net/p/36996/unihoc-iconic-superskin-pro-29-black-turquoise-floorball-stick?ts=p_1_3_228
228,https://www.efloorball.net/p/32190/salming-campus-xplode-30-floorball-stick?ts=p_1_3_229
229,https://www.efloorball.net/p/39401/exel-shock-absorber-white-2-9-oval-mb-floorball-stick?ts=p_1_3_230
230,https://www.efloorball.net/p/35235/zone-floorball-maker-airlight-26-pc-white-holographic-floorball-stick?ts=p_1_3_231
231,https://www.efloorball.net/p/37456/fat-pipe-long-john-23-pwr-floorball-stick?ts=p_1_3_232
232,https://www.efloorball.net/p/39377/salming-flow-powerfly-jr-floorball-stick?ts=p_1_3_233
233,https://www.efloorball.net/p/37072/unihoc-epic-carbskin-fl-curve-1-0-26-black-floorball-stick?ts=p_1_3_234
234,https://www.efloorball.net/p/40236/exel-e-lite-black-3-2-thin-oval-mb-florbalova-hul?ts=p_1_3_235
235,https://www.efloorball.net/p/39418/exel-e-lite-black-2-9-thin-oval-mb-floorball-stick?ts=p_1_3_236
236,https://www.efloorball.net/p/17228/floorball-stick-lexx-arctic-a2-2-9-black-silver-15?ts=p_1_3_237
237,https://www.efloorball.net/p/40307/floorbee-falcon-26-carbon-composite-black-blue-balls-floorball-set?ts=p_1_1_238
238,https://www.efloorball.net/p/30896/necy-medi-85-team-set-85-96cm-floorball-set?ts=p_1_3_239
239,https://www.efloorball.net/p/39444/exel-turboboost-black-turq-3-4-round-sb-floorball-stick?ts=p_1_3_240
240,https://www.efloorball.net/p/39380/salming-quest1-tourlite-aero-29-floorball-stick?ts=p_1_3_241
241,https://www.efloorball.net/p/15950/floorball-stick-unihoc-player3-curve-1-5-35-neon-yellow-purple-15?ts=p_1_3_242
242,https://www.efloorball.net/p/39442/exel-sharp-white-orange-2-6-round-sb-floorball-stick?ts=p_1_3_243
243,https://www.efloorball.net/p/37000/unihoc-iconic-superskin-pro-26-silver-white-floorball-stick?ts=p_1_3_244
244,https://www.efloorball.net/p/39376/salming-flow-powerfly-27-floorball-stick?ts=p_1_3_245
245,https://www.efloorball.net/p/39373/salming-flow-powerlite-aero-27-floorball-stick?ts=p_1_3_246
246,https://www.efloorball.net/p/39375/salming-raven-powerlite-aero-kz-27-floorball-stick?ts=p_1_3_247
247,https://www.efloorball.net/p/35424/necy-street-talk-florbalova-palica?ts=p_1_3_248
248,https://www.efloorball.net/p/39317/zone-floorball-supreme-air-sl-27-white-ice-blue-floorball-stick?ts=p_1_3_249
249,https://www.efloorball.net/p/32031/exel-p60-white-2-9-98-round-mb-floorball-stick?ts=p_1_3_250
250,https://www.efloorball.net/p/37270/zone-floorball-harder-airlight-27-triple-black-floorball-stick?ts=p_1_3_251
251,https://www.efloorball.net/p/39319/zone-floorball-harder-airlight-29-electric-white-floorball-stick?ts=p_1_3_252
252,https://www.efloorball.net/p/37069/unihoc-epic-titan-superskin-pro-26-white-turquoise-floorball-stick?ts=p_1_3_253
253,https://www.efloorball.net/p/34015/tempish-ghast-junior-floorbal-stick?ts=p_1_3_254
254,https://www.efloorball.net/p/38645/oxdog-sense-light-32-tb-sweoval-mb-floorball-stick?ts=p_1_3_255
255,https://www.efloorball.net/p/32193/salming-campus-aero-35-floorball-stick?ts=p_1_3_256
256,https://www.efloorball.net/p/35416/salming-matrix-quest-black-turquoise-floorball-stick?ts=p_1_3_257
257,https://www.efloorball.net/p/38104/unihoc-iconic-glnt-superskin-reg-26-white-floorball-stick?ts=p_1_3_258
258,https://www.efloorball.net/p/37773/exel-s1-black-2-3-square-mb-floorball-stick?ts=p_1_3_259
259,https://www.efloorball.net/p/39483/zone-floorball-zuper-airlight-27-electric-silver-floorball-stick?ts=p_1_3_260
260,https://www.efloorball.net/p/37523/oxdog-hyperlight-hes-29-tb-sweoval-mbc-floorball-stick?ts=p_1_1_261
261,https://www.efloorball.net/p/17268/floorball-stick-lexx-timber-c4-2-9-oval-black-green-15?ts=p_1_3_262
262,https://www.efloorball.net/p/38594/exel-university-white-floorball-stick?ts=p_1_3_263
263,https://www.efloorball.net/p/35203/unihoc-iconic-curve-3-0-pro-supershape-26-white-blue-floorball-stick?ts=p_1_3_264
264,https://www.efloorball.net/p/37071/unihoc-iconic-carbskin-fl-curve-1-0-29-black-floorball-stick?ts=p_1_3_265
265,https://www.efloorball.net/p/17140/floorball-set-master-jumboset-15?ts=p_1_3_266
266,https://www.efloorball.net/p/39308/zone-floorball-hyper-air-light-31-white-icepurple-floorball-stick?ts=p_1_3_267
267,https://www.efloorball.net/p/39324/unihoc-epic-composite-29-white-black-floorball-stick?ts=p_1_3_268
268,https://www.efloorball.net/p/37268/zone-floorball-hyper-airlight-29-triple-white-floorball-stick?ts=p_1_3_269
269,https://www.efloorball.net/p/37338/salming-powerlite-aero-shaft-floorball-sticks?ts=p_1_3_270
270,https://www.efloorball.net/p/37317/salming-xtremelite-shaft-floorball-sticks?ts=p_1_3_271
271,https://www.efloorball.net/p/39812/fat-pipe-core-34-yellow-floorball-stick?ts=p_1_3_272
272,https://www.efloorball.net/p/34539/fat-pipe-k-o-27-to25-floorball-stick?ts=p_1_3_273
273,https://www.efloorball.net/p/38153/exel-shock-absorber-white-2-6-floorball-stick?ts=p_1_3_274
274,https://www.efloorball.net/p/39107/fat-pipe-hype-31-wiz-smu-floorball-stick?ts=p_1_3_275
275,https://www.efloorball.net/p/37349/salming-quest2-powermid-white-purple-floorball-stick?ts=p_1_3_276
276,https://www.efloorball.net/p/39433/exel-x-play-white-2-6-oval-sb-floorball-stick?ts=p_1_3_277
277,https://www.efloorball.net/p/17118/floorball-stick-kid1-15?ts=p_1_3_278
278,https://www.efloorball.net/p/17242/floorball-stick-lexx-lupa-a2-2-9-silver-black-15?ts=p_1_3_279
279,https://www.efloorball.net/p/39363/salming-flow-powerlite-aero-oval-27-floorball-stick?ts=p_1_3_280
280,https://www.efloorball.net/p/32884/mps-flash-junior-floorball-stick?ts=p_1_1_281
281,https://www.efloorball.net/p/39312/zone-floorball-maker-balance-skeleton-27-black-floorball-stick?ts=p_1_3_282
282,https://www.efloorball.net/p/40414/fat-pipe-venom-27-white-jab-floorball-stick?ts=p_1_3_283
283,https://www.efloorball.net/p/40070/fat-pipe-sweeper-27-raw-floorball-stick?ts=p_1_3_284
284,https://www.efloorball.net/p/39323/unihoc-epic-composite-32-neon-orange-white-floorball-stick?ts=p_1_3_285
285,https://www.efloorball.net/p/39364/salming-quest1-powerlite-aero-29-floorball-stick?ts=p_1_3_286
286,https://www.efloorball.net/p/37354/salming-hawk-re-flex-oval-27-floorball-stick?ts=p_1_3_287
287,https://www.efloorball.net/p/39398/unihoc-player-feather-light-26-yellow-floorball-stick?ts=p_1_3_288
288,https://www.efloorball.net/p/39821/fat-pipe-raw-concept-27-jab-fh2-floorball-stick?ts=p_1_3_289
289,https://www.efloorball.net/p/35201/unihoc-epic-straight-edge-supershape-fl-26-black-turquoise-floorball-stick?ts=p_1_3_290
290,https://www.efloorball.net/p/16667/floorball-stick-exel-doublecurve-uniflex-purple-pink-round-15?ts=p_1_3_291
291,https://www.efloorball.net/p/17190/floorball-set-poppis-junior-set-85-98cm-15?ts=p_1_3_292
292,https://www.efloorball.net/p/30966/exel-p80-blue-2-9-98-round-mb-floorball-stick?ts=p_1_3_293
293,https://www.efloorball.net/p/35821/tempish-phase-f32-nb-light-blue-floorball-stick?ts=p_1_3_294
294,https://www.efloorball.net/p/39486/zone-floorball-harder-prolight-r-skeleton-28-raw-black-floorball-stick?ts=p_1_3_295
295,https://www.efloorball.net/p/39395/unihoc-player-bamboo-29-black-red-floorball-stick?ts=p_1_3_296
296,https://www.efloorball.net/p/39386/salming-raven-tourlite-youth-floorball-stick?ts=p_1_3_297
297,https://www.efloorball.net/p/32888/mps-no-respect-30-floorball-stick?ts=p_1_3_298
298,https://www.efloorball.net/p/39326/unihoc-unilite-superskin-comp-30-yellow-floorball-stick?ts=p_1_3_299
299,https://www.efloorball.net/p/37263/zone-floorball-maker-air-superlight-27-white-holographic-floorball-stick?ts=p_1_3_300
300,https://www.efloorball.net/p/35170/unihoc-epic-composite-32-white-black-floorball-stick?ts=p_1_3_301
301,https://www.efloorball.net/p/37620/fat-pipe-beat-27-jab-flat-floorball-stick?ts=p_1_3_302
302,https://www.efloorball.net/p/35230/zone-floorball-maker-air-superlight-26-pc-nakedcarbon-black-silver-floorball-stick?ts=p_1_3_303
303,https://www.efloorball.net/p/39309/zone-floorball-hyper-airlight-28-electric-black-floorball-stick?ts=p_1_3_304
304,https://www.efloorball.net/p/31990/exel-vector-white-3-4-round-sb-floorball-stick?ts=p_1_3_305
305,https://www.efloorball.net/p/39311/zone-floorball-harder-air-sl-skeleton-29-raw-black-floorball-stick?ts=p_1_3_306
306,https://www.efloorball.net/p/39378/salming-quest1-tourlite-aero-29-floorball-stick?ts=p_1_3_307
307,https://www.efloorball.net/p/37342/salming-tourlite-aero-shaft-floorball-sticks?ts=p_1_3_308
308,https://www.efloorball.net/p/37002/unihoc-epic-superskin-max-26-black-blue-floorball-stick?ts=p_1_3_309
309,https://www.efloorball.net/p/30788/exel-v60-green-2-9-98-round-mb-floorball-stick?ts=p_1_3_310
310,https://www.efloorball.net/p/37532/oxdog-sense-hes-25-fp-oval-mbc-overlong-floorball-stick?ts=p_1_3_311
311,https://www.efloorball.net/p/38647/oxdog-fusion-light-23-wt-oval-mb-floorball-stick?ts=p_1_3_312
312,https://www.efloorball.net/p/37778/exel-x-play-black-mint-2-9-round-sb-floorball-stick?ts=p_1_3_313
313,https://www.efloorball.net/p/17050/floorball-stick-azid-16?ts=p_1_3_314
314,https://www.efloorball.net/p/39817/fat-pipe-core-27-low-kick-spd-floorball-stick?ts=p_1_3_315
315,https://www.efloorball.net/p/27590/unihoc-street-12-sticks-6-balls-floorball-set?ts=p_1_3_316
316,https://www.efloorball.net/p/22597/floorball-stick-fatpipe-mini-ball-16?ts=p_1_3_317
317,https://www.efloorball.net/p/17288/floorball-stick-lexx-tundra-a2-2-6-blue-chrome-green-15?ts=p_1_3_318
318,https://www.efloorball.net/p/39310/zone-floorball-harder-prolight-3k-29-carbon-mint-floorball-stick?ts=p_1_3_319
319,https://www.efloorball.net/p/35176/unihoc-iconic-superskin-mid-30-white-red-floorball-stick?ts=p_1_3_320
320,https://www.efloorball.net/p/39141/exel-miklu-black-2-6-oval-mb-floorball-stick?ts=p_1_3_321
321,https://www.efloorball.net/p/35744/tempish-controll-mx3-floorball-stick?ts=p_1_3_322
322,https://www.efloorball.net/p/39362/salming-flow-powerlite-aero-25-floorball-stick?ts=p_1_3_323
323,https://www.efloorball.net/p/39485/zone-floorball-hyper-prolight-3k-27-carbon-black-floorball-stick?ts=p_1_3_324
324,https://www.efloorball.net/p/37315/salming-flow-xtremelite-27-floorball-stick?ts=p_1_3_325
325,https://www.efloorball.net/p/37344/salming-quest1-tourlite-oval-27-floorball-stick?ts=p_1_3_326
326,https://www.efloorball.net/p/17046/floorball-stick-gravity-kid1-16?ts=p_1_3_327
327,https://www.efloorball.net/p/34462/unihoc-sonic-carbskin-fl-26-white-floorball-stick?ts=p_1_3_328
328,https://www.efloorball.net/p/37351/salming-quest2-powermid-white-pink-floorball-stick?ts=p_1_3_329
329,https://www.efloorball.net/p/37782/exel-turboboost-pink-3-4-round-sb-floorball-stick?ts=p_1_3_330
330,https://www.efloorball.net/p/16027/floorball-stick-unihoc-unity-curve-1-5-32-neon-yellow-cerise-15?ts=p_1_3_331
331,https://www.efloorball.net/p/35239/zone-floorball-maker-prolight2-27-white-carbon-floorball-stick?ts=p_1_3_332
332,https://www.efloorball.net/p/34180/fat-pipe-ko-26-orange-pwr-floorball-stick?ts=p_1_3_333
333,https://www.efloorball.net/p/38186/exel-e-lite-black-2-9-oval-mb-floorball-stick?ts=p_1_3_334
334,https://www.efloorball.net/p/37352/salming-hawk-re-flex-32-floorball-stick?ts=p_1_3_335
335,https://www.efloorball.net/p/30897/necy-medi-95-team-set-95-106cm-floorball-set?ts=p_1_3_336
336,https://www.efloorball.net/p/17130/floorball-set-medi-goal-set-15?ts=p_1_1_337
337,https://www.efloorball.net/p/30200/exel-p60-white-2-9-98-oval-mb-floorball-stick?ts=p_1_3_338
338,https://www.efloorball.net/p/39424/exel-s1-black-2-9-square-mb-floorball-stick?ts=p_1_3_339
339,https://www.efloorball.net/p/37752/exel-impact-black-2-9-drop-oval-mb-floorball-stick?ts=p_1_3_340
340,https://www.efloorball.net/p/38451/exel-e-lite-pink-2-6-oval-mb-floorball-stick?ts=p_1_3_341
341,https://www.efloorball.net/p/17124/floorball-stick-medi-kid-15?ts=p_1_1_342
342,https://www.efloorball.net/p/37715/exel-shock-absorber-black-2-9-round-mb-floorball-stick?ts=p_1_3_343
343,https://www.efloorball.net/p/37526/oxdog-viper-superlight-27-wt-round-mbc-floorball-stick?ts=p_1_1_344
344,https://www.efloorball.net/p/35183/unihoc-epic-superskin-max-fl-26-white-black-floorball-stick?ts=p_1_3_345
345,https://www.efloorball.net/p/33863/unihoc-kiddy-2-pack-1-white-red-ball?ts=p_1_3_346
346,https://www.efloorball.net/p/32033/exel-p60-white-3-4-round-mb-floorball-stick?ts=p_1_3_347
347,https://www.efloorball.net/p/35207/unihoc-epic-titan-superskin-pro-26-white-floorball-stick?ts=p_1_3_348
348,https://www.efloorball.net/p/39422/exel-s1-black-2-3-square-mb-floorball-stick?ts=p_1_3_349
349,https://www.efloorball.net/p/37350/salming-quest2-powermid-white-yellow-floorball-stick?ts=p_1_1_350
350,https://www.efloorball.net/p/35847/necy-moooove-floorball-stick?ts=p_1_3_351
351,https://www.efloorball.net/p/38462/eurostick-gravity-black-floorball-stick?ts=p_1_3_352
352,https://www.efloorball.net/p/30890/necy-splash-junior-ball-floorball-set?ts=p_1_3_353
353,https://www.efloorball.net/p/34233/necy-apache-floorball-stick?ts=p_1_1_354
354,https://www.efloorball.net/p/40482/fat-pipe-fp-concept-31-we-jab-floorball-stick?ts=p_1_3_355
355,https://www.efloorball.net/p/39388/exel-e-fect-white-2-3-oval-mb-floorball-stick?ts=p_1_3_356
356,https://www.efloorball.net/p/39823/fat-pipe-raw-concept-27-low-kick-spd-floorball-stick?ts=p_1_1_357
357,https://www.efloorball.net/p/40488/zone-floorball-supreme-air-sl-29-lavender-floorball-stick?ts=p_1_3_358
358,https://www.efloorball.net/p/40490/zone-floorball-supreme-air-sl-29-orchid-floorball-stick?ts=p_1_3_359
359,https://www.efloorball.net/p/40491/zone-floorball-supreme-air-sl-29-heaven-floorball-stick?ts=p_1_3_360
360,https://www.efloorball.net/p/40492/zone-floorball-supreme-air-sl-29-peppermint-floorball-stick?ts=p_1_3_361
361,https://www.efloorball.net/p/40494/zone-floorball-supreme-air-sl-29-eucalyptus-floorball-stick?ts=p_1_3_362
362,https://www.efloorball.net/p/40495/zone-floorball-supreme-air-sl-29-lemon-floorball-stick?ts=p_1_3_363
363,https://www.efloorball.net/p/32005/exel-v40i-pink-3-4-round-sb-floorball-stick?ts=p_1_3_364
364,https://www.efloorball.net/p/37543/oxdog-fusion-light-32-uv-jr-round-nb-floorball-stick?ts=p_1_1_365
365,https://www.efloorball.net/p/17110/floorball-set-splash-80-91-cm-teamset-with-bag-15?ts=p_1_3_366
366,https://www.efloorball.net/p/30785/exel-p40-blue-3-4-87-round-sb-floorball-stick?ts=p_1_3_367
367,https://www.efloorball.net/p/39387/exel-e-fect-white-2-3-round-mb-floorball-stick?ts=p_1_3_368
368,https://www.efloorball.net/p/38448/exel-e-lite-pink-2-9-round-mb-floorball-stick?ts=p_1_3_369
369,https://www.efloorball.net/p/40367/oxdog-g-o-a-t-supersonic-hes-27-au-sweoval-mbc2-floorball-stick?ts=p_1_3_370
370,https://www.efloorball.net/p/17136/floorball-set-master-junior-set-15?ts=p_1_3_371
371,https://www.efloorball.net/p/39381/salming-quest1-tourlite-jr-31-floorball-stick?ts=p_1_3_372
372,https://www.efloorball.net/p/35743/tempish-phase-f32-nb-green-floorball-stick?ts=p_1_3_373
373,https://www.efloorball.net/p/40237/exel-x-play-black-mint-3-4-round-sb-floorball-stick?ts=p_1_3_374
374,https://www.efloorball.net/p/39810/fat-pipe-core-33-orange-floorball-stick?ts=p_1_1_375
375,https://www.efloorball.net/p/39383/salming-quest1-tourlite-jr-35-floorball-stick?ts=p_1_3_376
376,https://www.efloorball.net/p/38080/mps-accufli-airtek-a90-black-floorball-stick?ts=p_1_3_377
377,https://www.efloorball.net/p/14301/floorball-stick-unihoc-reactor-original-16?ts=p_1_3_378
378,https://www.efloorball.net/p/38126/exel-e-lite-white-2-6-oval-mb-floorball-stick?ts=p_1_3_379
379,https://www.efloorball.net/p/14302/floorball-stick-unihoc-reactor-pro-16?ts=p_1_3_380
380,https://www.efloorball.net/p/35228/zone-floorball-supreme-air-superlight-27-white-holographic-floorball-stick?ts=p_1_3_381
381,https://www.efloorball.net/p/39379/salming-quest1-tourlite-aero-oval-27-floorball-stick?ts=p_1_3_382
382,https://www.efloorball.net/p/39819/fat-pipe-k-o-26-jab-fh2-floorball-stick?ts=p_1_3_383
383,https://www.efloorball.net/p/39820/fat-pipe-k-o-28-jab-fh2-floorball-stick?ts=p_1_3_384
384,https://www.efloorball.net/p/37534/oxdog-sense-hes-25-fp-oval-mbc-floorball-stick?ts=p_1_3_385
385,https://www.efloorball.net/p/37539/oxdog-sense-light-32-fp-sweoval-mb-floorball-stick?ts=p_1_3_386
386,https://www.efloorball.net/p/40441/fat-pipe-raw-concept-31-we-speed-floorball-stick?ts=p_1_1_387
387,https://www.efloorball.net/p/40306/floorbee-douglas-32-composite-black-green-balls-floorball-set?ts=p_1_3_388
388,https://www.efloorball.net/p/39385/salming-raven-tourlite-oval-27-floorball-stick?ts=p_1_3_389
389,https://www.efloorball.net/p/32004/exel-v40i-pink-2-9-round-sb-floorball-stick?ts=p_1_3_390
390,https://www.efloorball.net/p/27610/unihoc-winner-12-sticks-6-balls-floorball-set?ts=p_1_3_391
391,https://www.efloorball.net/p/37333/salming-flow-powerlite-aero-oval-floorball-stick?ts=p_1_3_392
392,https://www.efloorball.net/p/39436/exel-x-play-white-2-3-oval-sb-floorball-stick?ts=p_1_3_393
393,https://www.efloorball.net/p/35745/tempish-phase-c29-nb-floorball-stick?ts=p_1_3_394
394,https://www.efloorball.net/p/39809/fat-pipe-core-33-lime-floorball-stick?ts=p_1_3_395
395,https://www.efloorball.net/p/37359/salming-matrix-32-white-pink-floorball-stick?ts=p_1_3_396
396,https://www.efloorball.net/p/40374/eurostick-boooster-shot-floorball-stick?ts=p_1_3_397
397,https://www.efloorball.net/p/17132/floorball-set-kid1-65-75cm-15?ts=p_1_3_398
398,https://www.efloorball.net/p/17052/floorball-stick-doz-16?ts=p_1_3_399
399,https://www.efloorball.net/p/37065/unihoc-epic-titan-superskin-regular-29-silver-floorball-stick?ts=p_1_3_400
400,https://www.efloorball.net/p/37343/salming-quest1-tourlite-27-floorball-stick?ts=p_1_1_401
401,https://www.efloorball.net/p/37743/exel-impact-black-2-6-drop-oval-mb-floorball-stick?ts=p_1_3_402
402,https://www.efloorball.net/p/39432/exel-x-play-white-2-9-oval-sb-floorball-stick?ts=p_1_3_403
403,https://www.efloorball.net/p/37009/unihoc-epic-supershape-curve-3-0-pro-26-white-gold-floorball-stick?ts=p_1_3_404
404,https://www.efloorball.net/p/17240/floorball-stick-lexx-lupa-a2-2-6-silver-black-15?ts=p_1_3_405
405,https://www.efloorball.net/p/22593/floorball-stick-fatpipe-minibandy-85-16?ts=p_1_3_406
406,https://www.efloorball.net/p/38748/fat-pipe-raw-concept-29-rose-gold-jab-pp-limited-floorball-stick?ts=p_1_3_407
407,https://www.efloorball.net/p/37337/salming-raven-powerlite-aero-kz-floorball-stick?ts=p_1_3_408
408,https://www.efloorball.net/p/39827/fat-pipe-raw-concept-bow-28-spd-floorball-stick?ts=p_1_3_409
409,https://www.efloorball.net/p/33068/tempish-boost-floorball-stick?ts=p_1_3_410
410,https://www.efloorball.net/p/39826/fat-pipe-raw-concept-29-spd-floorball-stick?ts=p_1_1_411
411,https://www.efloorball.net/p/32887/mps-wildstick-30-floorball-stick?ts=p_1_1_412
412,https://www.efloorball.net/p/37348/salming-raven-tourlite-youth-floorball-stick?ts=p_1_3_413
413,https://www.efloorball.net/p/39382/salming-quest1-tourlite-jr-33-floorball-stick?ts=p_1_3_414
414,https://www.efloorball.net/p/38449/exel-exel-e-lite-pink-2-9-oval-mb-floorball-stick?ts=p_1_3_415
415,https://www.efloorball.net/p/37713/exel-shock-absorber-black-2-6-round-mb-floorball-stick?ts=p_1_3_416
416,https://www.efloorball.net/p/37008/unihoc-epic-supershape-hockey-26-black-graphite-floorball-stick?ts=p_1_3_417
417,https://www.efloorball.net/p/39187/fat-pipe-core-27-jab?ts=p_1_3_418
418,https://www.efloorball.net/p/17272/floorball-stick-lexx-timber-c4-2-6-oval-navy-silver-red-15?ts=p_1_3_419
419,https://www.efloorball.net/p/38608/exel-university-black-floorball-stick?ts=p_1_3_420
420,https://www.efloorball.net/p/30203/exel-v100-black-2-9-98-round-mb-floorball-stick?ts=p_1_3_421
421,https://www.efloorball.net/p/37485/fat-pipe-beast-27-jab-floorball-stick?ts=p_1_3_422
422,https://www.efloorball.net/p/37450/fat-pipe-raw-concept-27-jab-floorball-stick?ts=p_1_3_423
423,https://www.efloorball.net/p/34631/salming-q1-tourlite-wedt-junior-white-gold-19-20-floorball-stick?ts=p_1_3_424
424,https://www.efloorball.net/p/27606/unihoc-fighter-12-sticks-6-balls-floorball-set?ts=p_1_3_425
425,https://www.efloorball.net/p/37711/floorbee-albatross-36-yellow-10-balls-florbalova-sada?ts=p_1_3_426
426,https://www.efloorball.net/p/17196/floorball-stick-beta-senior-95-107cm-15?ts=p_1_3_427
427,https://www.efloorball.net/p/35208/unihoc-sonic-titan-edge-curve-1-0-supershape-29-white-pink-floorball-stick?ts=p_1_3_428
428,https://www.efloorball.net/p/37533/oxdog-sense-hes-25-fp-round-mbc-overlong-floorball-stick?ts=p_1_3_429
429,https://www.efloorball.net/p/38102/unihoc-player-re7-titan-superskin-pro-27-floorball-stick?ts=p_1_3_430
430,https://www.efloorball.net/p/39825/fat-pipe-raw-concept-27-spd-floorball-stick?ts=p_1_3_431
431,https://www.efloorball.net/p/37355/salming-matrix-27-white-green-floorball-stick?ts=p_1_1_432
432,https://www.efloorball.net/p/37454/fat-pipe-raw-concept-29-low-kick-speed-floorball-stick?ts=p_1_3_433
433,https://www.efloorball.net/p/22990/floorball-stick-tempish-shock-16?ts=p_1_3_434
434,https://www.efloorball.net/p/37334/salming-quest1-powerlite-aero-floorball-stick?ts=p_1_3_435
435,https://www.efloorball.net/p/17054/floorball-stick-gravity-16?ts=p_1_3_436
436,https://www.efloorball.net/p/17252/floorball-stick-lexx-lupa-a2-2-6-oval-black-green-15?ts=p_1_3_437
437,https://www.efloorball.net/p/37756/exel-e-lite-black-2-6-round-mb-floorball-stick?ts=p_1_3_438
438,https://www.efloorball.net/p/39824/fat-pipe-raw-concept-29-low-kick-spd-floorball-stick?ts=p_1_3_439
439,https://www.efloorball.net/p/39443/exel-sharp-white-orange-3-4-round-sb-floorball-stick?ts=p_1_3_440
440,https://www.efloorball.net/p/14303/floorball-stick-unihoc-reactor-fiber-16?ts=p_1_3_441
441,https://www.efloorball.net/p/40075/fat-pipe-venom-31-white-jab-floorball-stick?ts=p_1_3_442
442,https://www.efloorball.net/p/37772/exel-pure-x-lite-white-mint-2-6-round-mb-floorball-stick?ts=p_1_3_443
443,https://www.efloorball.net/p/39320/zone-floorball-harder-airlight-skeleton-26-black-floorball-stick?ts=p_1_3_444
444,https://www.efloorball.net/p/32035/exel-p40-grey-2-9-round-sb-floorball-stick?ts=p_1_3_445
445,https://www.efloorball.net/p/30894/necy-mini-kid-set-65-75cm-floorball-set?ts=p_1_3_446
446,https://www.efloorball.net/p/17218/floorball-stick-lexx-arctic-a2-2-6-15?ts=p_1_3_447
447,https://www.efloorball.net/p/34460/unihoc-sonic-carbskin-29-white-floorball-stick?ts=p_1_3_448
448,https://www.efloorball.net/p/34353/necy-icebreaker-floorball-stick?ts=p_1_3_449
449,https://www.efloorball.net/p/37346/salming-quest1-tourlite-jr-floorball-stick?ts=p_1_3_450
450,https://www.efloorball.net/p/39007/unihoc-unilite-evolab-27-black-white-floorball-stick?ts=p_1_3_451
451,https://www.efloorball.net/p/28925/necy-tribal-junior-set-floorball-set?ts=p_1_1_452
452,https://www.efloorball.net/p/37827/exel-sharp-green-2-6-round-sb-floorball-stick?ts=p_1_3_453
453,https://www.efloorball.net/p/27047/fatpipe-fat-29-jab-floorbal-stick?ts=p_1_3_454
454,https://www.efloorball.net/p/37336/salming-flow-powerlite-aero-tc-3-floorball-stick?ts=p_1_3_455
455,https://www.efloorball.net/p/32659/necy-battle-dog-green-30-floorball-stick?ts=p_1_3_456
456,https://www.efloorball.net/p/37341/salming-raven-tourlite-aero-oval-floorball-stick?ts=p_1_3_457
457,https://www.efloorball.net/p/28928/necy-pearl-teamgoal-set-floorball-set?ts=p_1_3_458
458,https://www.efloorball.net/p/35696/exel-e-lite-white-2-9-round-mb-floorball-stick?ts=p_1_3_459
459,https://www.efloorball.net/p/17290/floorball-stick-lexx-tundra-a2-3-2-blue-chrome-green-15?ts=p_1_3_460
460,https://www.efloorball.net/p/37771/exel-e-lite-black-2-9-round-mb-floorball-stick?ts=p_1_3_461
461,https://www.efloorball.net/p/38129/unihoc-basic-epic-youngster-composite-36-orange-floorball-stick?ts=p_1_3_462
462,https://www.efloorball.net/p/37357/salming-matrix-32-white-blue-floorball-stick?ts=p_1_3_463
463,https://www.efloorball.net/p/39407/exel-e-lite-white-3-2-round-mb-floorball-stick?ts=p_1_3_464
464,https://www.efloorball.net/p/31983/exel-f60-black-2-6-103-round-mb-floorball-stick?ts=p_1_3_465
465,https://www.efloorball.net/p/37074/unihoc-iconic-carbskin-curve-1-0-26-black-floorball-stick?ts=p_1_1_466
466,https://www.efloorball.net/p/39409/exel-e-lite-white-3-2-thin-oval-mb-floorball-stick?ts=p_1_3_467
467,https://www.efloorball.net/p/39811/fat-pipe-core-34-coral-green-floorball-stick?ts=p_1_3_468
468,https://www.efloorball.net/p/35084/salming-raven-powerlite-tc-2-floorball-stick?ts=p_1_3_469
469,https://www.efloorball.net/p/33332/salming-raptor-tourlite-jr-32-floorball-stick?ts=p_1_3_470
470,https://www.efloorball.net/p/34240/necy-apache-floorball-set-with-bag?ts=p_1_3_471
471,https://www.efloorball.net/p/35798/tempish-inix-f35-junior-floorball-stick?ts=p_1_1_472
472,https://www.efloorball.net/p/37714/exel-shock-absorber-black-2-6-oval-mb-floorball-stick?ts=p_1_3_473
473,https://www.efloorball.net/p/34234/necy-sioux-floorball-set?ts=p_1_3_474
474,https://www.efloorball.net/p/37340/salming-raven-tourlite-aero-floorball-stick?ts=p_1_3_475
475,https://www.efloorball.net/p/35934/floorbee-douglas-32-10-balls-floorball-set?ts=p_1_3_476
476,https://www.efloorball.net/p/40308/floorbee-douglas-32-composite-red-white-balls-floorball-set?ts=p_1_3_477
477,https://www.efloorball.net/p/39543/mps-accufli-airtek-teal-floorball-stick?ts=p_1_3_478
478,https://www.efloorball.net/p/35484/unihoc-iconic-carbskin-fl-26-white-florbalova-palica?ts=p_1_3_479
479,https://www.efloorball.net/p/35213/unihoc-iconic-carbskin-curve-1-0-26-blue-floorball-stick?ts=p_1_3_480
480,https://www.efloorball.net/p/35848/necy-moooove-teamset-floorball-set?ts=p_1_1_481
481,https://www.efloorball.net/p/35866/unihoc-iconic-carbskin-fl-26-turquoise-florbalova-hokejka?ts=p_1_3_482
482,https://www.efloorball.net/p/37070/unihoc-epic-carbskin-curve-1-0-29-black-floorball-stick?ts=p_1_1_483
483,https://www.efloorball.net/p/33358/fat-pipe-hype-31-floorball-stick?ts=p_1_3_484
484,https://www.efloorball.net/p/35678/exel-impact-black-2-6-round-mb-floorball-stick?ts=p_1_3_485
485,https://www.efloorball.net/p/40305/floorbee-albatross-36-composite-white-green-balls-floorball-set?ts=p_1_3_486
486,https://www.efloorball.net/p/34891/unihoc-iconic-superskin-pro-26-floorball-stick?ts=p_1_3_487
487,https://www.efloorball.net/p/40317/floorbee-mini-starter-ball-floorball-set?ts=p_1_3_488
488,https://www.efloorball.net/p/40269/mps-evolution-navy-green-iff-floorball-stick?ts=p_1_1_489
489,https://www.efloorball.net/p/35225/zone-floorball-hyper-air-superlight-29-white-ice-blue-floorball-stick?ts=p_1_3_490
490,https://www.efloorball.net/p/17256/floorball-stick-lexx-timber-c4-2-6-black-green-15?ts=p_1_3_491
491,https://www.efloorball.net/p/37068/unihoc-iconic-titan-curve-2-0-26-black-floorball-stick?ts=p_1_3_492
492,https://www.efloorball.net/p/35845/zone-floorball-maker-air-sl-27-black-blue-floorball-stick?ts=p_1_3_493
493,https://www.efloorball.net/p/36994/unihoc-epic-superskin-mid-29-white-turquoise-floorball-stick?ts=p_1_1_494
494,https://www.efloorball.net/p/32785/mps-jungle-floorball-stick?ts=p_1_1_495
495,https://www.efloorball.net/p/40309/floorbee-albatross-mini-jet-balls-floorball-set?ts=p_1_3_496
496,https://www.efloorball.net/p/17138/floorball-set-beta-set-95-107cm-15?ts=p_1_3_497
497,https://www.efloorball.net/p/37627/fat-pipe-raw-concept-31-low-kick-jab-floorball-stick?ts=p_1_3_498
498,https://www.efloorball.net/p/31544/zone-floorball-zuper-air-sl-29-white-pink-floorball-stick?ts=p_1_3_499
499,https://www.efloorball.net/p/25751/lexx-fatbody-2-6-no-vibration-floorbal-stick?ts=p_1_3_500
500,https://www.efloorball.net/p/39816/fat-pipe-core-31-black-spd-floorball-stick?ts=p_1_1_501
501,https://www.efloorball.net/p/25978/necy-maxi-senior-95-floorbal-stick?ts=p_1_3_502
502,https://www.efloorball.net/p/37617/fat-pipe-raw-concept-27-low-kick-jab-floorball-stick?ts=p_1_3_503
503,https://www.efloorball.net/p/38821/eurostick-firebreaker-floorball-stick?ts=p_1_3_504
504,https://www.efloorball.net/p/37738/exel-impact-black-2-6-round-mb-floorball-stick?ts=p_1_3_505
505,https://www.efloorball.net/p/37274/zone-floorball-harder-prolight-3k-26-carbon-gold-floorball-stick?ts=p_1_3_506
506,https://www.efloorball.net/p/38078/mps-accufli-airtek-a80-orange-floorball-stick?ts=p_1_1_507
507,https://www.efloorball.net/p/28863/tempish-phase-f32-green-floorbal-stick?ts=p_1_3_508
508,https://www.efloorball.net/p/31566/zone-floorball-monstr-air-sl-26-hot-pink-white-floorball-stick?ts=p_1_3_509
509,https://www.efloorball.net/p/37004/unihoc-iconic-supershape-curve-1-5-35-turquoise-white-floorball-stick?ts=p_1_3_510
510,https://www.efloorball.net/p/17142/floorball-set-master-95-106cm-team-set-15?ts=p_1_1_511
511,https://www.efloorball.net/p/39439/exel-x-play-white-3-2-thin-oval-sb-floorball-stick?ts=p_1_3_512
512,https://www.efloorball.net/p/28926/necy-tribal-team-set-floorball-set?ts=p_1_1_513
513,https://www.efloorball.net/p/26000/necy-poppis-senior-streethockey-set-95cm-floorball-set?ts=p_1_1_514
514,https://www.efloorball.net/p/34005/tempish-flow-floorbal-stick?ts=p_1_1_515
515,https://www.efloorball.net/p/33273/zone-floorball-maker-air-superlight-27-black-hologram-floorball-stick?ts=p_1_1_516
516,https://www.efloorball.net/p/17108/floorball-set-splash-80-91cm-team-set-15?ts=p_1_1_517
517,https://www.efloorball.net/p/35081/salming-quest1-powerlite-aero-oval-floorball-stick?ts=p_1_3_518
518,https://www.efloorball.net/p/35544/oxdog-sense-light-32-bk-sweoval-mb-floorball-stick?ts=p_1_3_519
519,https://www.efloorball.net/p/35100/salming-raptor-tourlite-oval-floorball-stick?ts=p_1_3_520
520,https://www.efloorball.net/p/35202/unihoc-epic-edge-curve-1-0-shupershape-26-silver-black-floorball-stick?ts=p_1_1_521
521,https://www.efloorball.net/p/35849/eurostick-moooove-teamset-bag-floorball-set?ts=p_1_1_522
522,https://www.efloorball.net/p/40318/floorbee-mini-starter-balls-floorball-set?ts=p_1_3_523
523,https://www.efloorball.net/p/38119/unihoc-iconic-glnt-superskin-comp-30-white-floorball-stick?ts=p_1_3_524
524,https://www.efloorball.net/p/35681/exel-impact-black-2-9-drop-oval-mb-floorball-stick?ts=p_1_3_525
525,https://www.efloorball.net/p/33267/zone-floorball-monstr-air-curve-1-5-31-white-green-floorball-stick?ts=p_1_3_526
526,https://www.efloorball.net/p/39937/eurostick-doodle-duoset-floorball-set?ts=p_1_1_527
527,https://www.efloorball.net/p/33404/fat-pipe-k-o-26-pwr-floorball-stick?ts=p_1_3_528
528,https://www.efloorball.net/p/14340/floorball-stick-tempish-controll-junior-16?ts=p_1_3_529
529,https://www.efloorball.net/p/14305/set-unihoc-reactor-pro-13?ts=p_1_1_530
530,https://www.efloorball.net/p/35095/salming-raven-tourlite-aero-oval-floorball-stick?ts=p_1_3_531
531,https://www.efloorball.net/p/34329/salming-hawk-tourlite-touchplus-smu-stickbag-floorball-stick-and-stickbag-set?ts=p_1_3_532
532,https://www.efloorball.net/p/35123/salming-q1-tourlite-jr-floorball-stick?ts=p_1_1_533
533,https://www.efloorball.net/p/35174/unihoc-iconic-composite-fl-28-white-black-floorball-stick?ts=p_1_3_534
534,https://www.efloorball.net/p/38120/unihoc-epic-glnt-superskin-comp-30-white-floorball-stick?ts=p_1_3_535
535,https://www.efloorball.net/p/35817/unihoc-epic-glnt-superskin-comp-30-black-floorball-stick?ts=p_1_3_536
536,https://www.efloorball.net/p/14337/floorball-stick-tempish-pro-lux-28-16?ts=p_1_3_537
537,https://www.efloorball.net/p/40270/mps-black-hawk-black-iff-floorball-stick?ts=p_1_1_538
538,https://www.efloorball.net/p/17194/floorball-stick-alpha-senior-95-107cm-15?ts=p_1_1_539
539,https://www.efloorball.net/p/35200/unihoc-epic-straight-edge-supershape-26-black-turquoise-floorball-stick?ts=p_1_1_540
540,https://www.efloorball.net/p/34057/tempish-controll-mx3-set-floorball-set?ts=p_1_1_541
541,https://www.efloorball.net/p/33229/unihoc-unity-curve-1-5-35-white-green-floorball-stick?ts=p_1_3_542
542,https://www.efloorball.net/p/39438/exel-x-play-white-3-2-round-sb-floorball-stick?ts=p_1_3_543
543,https://www.efloorball.net/p/35425/necy-street-talk-team-set-floorball-set?ts=p_1_1_544
544,https://www.efloorball.net/p/38032/zone-floorball-harder-prolight-reduced-27-limited-edition-floorball-stick?ts=p_1_1_545
545,https://www.efloorball.net/p/30899/necy-beta-95-team-set-95-107cm-floorball-set?ts=p_1_1_546
546,https://www.efloorball.net/p/36999/unihoc-epic-superskin-max-fl-29-white-silver-floorball-stick?ts=p_1_1_547
547,https://www.efloorball.net/p/38081/mps-accufli-airtek-a90-white-floorball-stick?ts=p_1_1_548
548,https://www.efloorball.net/p/34239/necy-sioux-with-bag-floorball-set-with-bag?ts=p_1_1_549
549,https://www.efloorball.net/p/32194/salming-campus-34-stick-set-floorball-stick?ts=p_1_1_550
550,https://www.efloorball.net/p/35857/necy-meteor-floorball-stick?ts=p_1_1_551
551,https://www.efloorball.net/p/35426/necy-street-talk-team-set-with-bag-floorball-set?ts=p_1_1_552
552,https://www.efloorball.net/p/30904/necy-maxi-set-95-107cm-floorball-set?ts=p_1_1_553
553,https://www.efloorball.net/p/17072/floorball-set-azid-team-set-12-16?ts=p_1_1_554
554,https://www.efloorball.net/p/35864/unihoc-epic-carbskin-26-turquoise-floorball-stick?ts=p_1_1_555
555,https://www.efloorball.net/p/34351/necy-zooperstar-floorball-stick?ts=p_1_1_556
556,https://www.efloorball.net/p/32894/mps-boomerang-30-set-floorball-set?ts=p_1_1_557
557,https://www.efloorball.net/p/14304/set-unihoc-reactor-original-13?ts=p_1_1_558
558,https://www.efloorball.net/p/37234/zone-floorball-harder-air-light-31-black-aqua-blue-floorball-stick?ts=p_1_1_559
559,https://www.efloorball.net/p/35212/unihoc-epic-carbskin-fl-curve-1-0-26-black-white-blue-floorball-stick?ts=p_1_1_560
560,https://www.efloorball.net/p/35179/unihoc-iconic-superskin-regular-24-white-silver-floorball-stick?ts=p_1_1_561
561,https://www.efloorball.net/p/32782/mps-flash-floorball-stick?ts=p_1_1_562
562,https://www.efloorball.net/p/14336/floorball-stick-tempish-pro-lux-26-16?ts=p_1_1_563
563,https://www.efloorball.net/p/14306/set-unihoc-reactor-fiber-13?ts=p_1_1_564
564,https://www.efloorball.net/p/35209/unihoc-epic-titan-curve-2-0-supershape-26-white-graphite-floorball-stick?ts=p_1_1_565
565,https://www.efloorball.net/p/17074/floorball-set-doz-team-set-12-16?ts=p_1_1_566
566,https://www.efloorball.net/p/30900/necy-maxi-95-start-set-95-107cm-floorball-set?ts=p_1_1_567
567,https://www.efloorball.net/p/37257/zone-floorball-maker-air-light-29-white-ice-green-floorball-stick?ts=p_1_1_568
568,https://www.efloorball.net/p/35210/unihoc-epic-carbskin-curve-1-0-29-black-blue-floorball-stick?ts=p_1_1_569
569,https://www.efloorball.net/p/25988/necy-maxi-95-107cm-team-set-floorball-set?ts=p_1_1_570
570,https://www.efloorball.net/p/35222/zone-floorball-maker-air-light-29-black-red-floorball-stick?ts=p_1_1_571
571,https://www.efloorball.net/p/33235/unihoc-epic-curve-1-0-32-neon-orange-floorball-stick?ts=p_1_1_572
572,https://www.efloorball.net/p/37440/eurostick-alpha-school-floorball-set-floorball-set-13-15-age?ts=p_1_1_573
573,https://www.efloorball.net/p/35219/zone-floorball-monstr-composite-light-28-black-silver-floorball-stick?ts=p_1_1_574
574,https://www.efloorball.net/p/33228/unihoc-unity-feather-composite-28-white-floorball-stick?ts=p_1_1_575
575,https://www.efloorball.net/p/30487/tempish-phase-f32-green-set-floorball-set?ts=p_1_1_576
576,https://www.efloorball.net/p/32895/mps-wildstick-30-set-floorball-set?ts=p_1_1_577
577,https://www.efloorball.net/p/37264/zone-floorball-harder-air-sl-26-black-floorball-stick?ts=p_1_1_578
578,https://www.efloorball.net/p/36998/unihoc-epic-superskin-max-29-white-silver-floorball-stick?ts=p_1_1_579
579,https://www.efloorball.net/p/24508/necy-pearl-floorbal-stick?ts=p_1_1_580
580,https://www.efloorball.net/p/37066/unihoc-iconic-titan-superskin-regular-24-black-floorball-stick?ts=p_1_1_581
581,https://www.efloorball.net/p/34237/necy-simple-mix-floorball-set?ts=p_1_1_582
582,https://www.efloorball.net/p/32892/mps-flash-junior-set-floorball-set?ts=p_1_1_583
583,https://www.efloorball.net/p/33240/unihoc-epic-carbskin-feather-light-curve-2-0-29-red-floorball-stick?ts=p_1_1_584
584,https://www.efloorball.net/p/33249/unihoc-sonic-carbskin-curve-2-0-29-red-floorball-stick?ts=p_1_1_585
585,https://www.efloorball.net/p/14339/floorball-stick-tempish-controll-16?ts=p_1_1_586
586,https://www.efloorball.net/p/34352/necy-turnaround-floorball-stick?ts=p_1_1_587
587,https://www.efloorball.net/p/34803/floorbee-falcon-26-set-floorball-stick-with-bag-and-ball?ts=p_1_1_588
588,https://www.efloorball.net/p/40272/oxdog-player-33-toolbag-10-balls-floorball-set?ts=p_1_1_589
589,https://www.efloorball.net/p/38819/eurostick-gravity-floorball-set?ts=p_1_1_590
590,https://www.efloorball.net/p/34804/floorbee-falcon-26-toolbag-balls-floorball-set?ts=p_1_1_591
591,https://www.efloorball.net/p/40273/oxdog-player-33-10-balls-floorball-set?ts=p_1_1_592
592,https://www.efloorball.net/p/38823/eurostick-fire-icebreaker-floorball-set-with-bag?ts=p_1_1_593
593,https://www.efloorball.net/p/34805/floorbee-douglas-32-set-floorball-stick-with-bag-and-ball?ts=p_1_1_594
594,https://www.efloorball.net/p/40274/oxdog-winner-33-toolbag-10-balls-floorball-set?ts=p_1_1_595
595,https://www.efloorball.net/p/35483/unihoc-iconic-carbskin-29-white-floorball-stick?ts=p_1_1_596
596,https://www.efloorball.net/p/32893/mps-extee-arena-5-set-floorball-set?ts=p_1_1_597
597,https://www.efloorball.net/p/34813/floorbee-douglas-32-floorball-set?ts=p_1_1_598
598,https://www.efloorball.net/p/40275/oxdog-winner-33-10-balls-floorball-set?ts=p_1_1_599
599,https://www.efloorball.net/p/35237/zone-floorball-supreme-airlight-25-white-holographic-floorball-stick?ts=p_1_1_600
600,https://www.efloorball.net/p/34880/floorbee-douglas-32-street-set-floorball-stick-free-extra-blade?ts=p_1_1_601
601,https://www.efloorball.net/p/40300/floorbee-albatross-36-white-green-toolbag-and-balls-floorball-set?ts=p_1_1_602
602,https://www.efloorball.net/p/37003/unihoc-epic-superskin-max-fl-26-black-blue-floorball-stick?ts=p_1_1_603
603,https://www.efloorball.net/p/40442/fat-pipe-raw-concept-27-we-speed-floorball-stick?ts=p_1_1_604
604,https://www.efloorball.net/p/35526/floorbee-douglas-32-training-set?ts=p_1_1_605
605,https://www.efloorball.net/p/40301/floorbee-douglas-32-composite-black-green-toolbag-and-balls-floorball-set?ts=p_1_1_606
606,https://www.efloorball.net/p/35454/fat-pipe-raw-concept-31-pwr-floorball-stick?ts=p_1_1_607
607,https://www.efloorball.net/p/32900/mps-no-respect-30-set-floorball-set?ts=p_1_1_608
608,https://www.efloorball.net/p/40302/floorbee-falcon-26-carbon-composite-black-blue-toolbag-10-balls-floorball-set?ts=p_1_1_609
609,https://www.efloorball.net/p/33384/unihoc-player-31-smu-set-floorball-set?ts=p_1_1_610
610,https://www.efloorball.net/p/35935/floorbee-falcon-26-10-balls-floorball-set?ts=p_1_1_611
611,https://www.efloorball.net/p/40303/floorbee-douglas-32-composite-red-white-toolbag-and-balls-floorball-set?ts=p_1_1_612
612,https://www.efloorball.net/p/34235/necy-apache-floorball-set?ts=p_1_1_613
613,https://www.efloorball.net/p/33385/unihoc-player-31-smu-set-toolbag-floorball-set?ts=p_1_1_614
614,https://www.efloorball.net/p/35936/floorbee-spitfire-29-10-balls-floorball-set-of-carbon-sticks?ts=p_1_1_615
615,https://www.efloorball.net/p/40304/floorbee-albatross-mini-jet-toolbag-and-balls-floorball-set?ts=p_1_1_616
616,https://www.efloorball.net/p/34236/necy-rose-thorn-floorball-set?ts=p_1_1_617
617,https://www.efloorball.net/p/35937/floorbee-spitfire-pro-29-10-balls-floorball-set-of-carbon-sticks?ts=p_1_1_618
618,https://www.efloorball.net/p/37619/fat-pipe-raw-concept-real-oval-27-speed-floorball-stick?ts=p_1_1_619
619,https://www.efloorball.net/p/34790/floorbee-falcon-pro-26-stickbag-ball-set-floorball-stick-with-bag-and-ball?ts=p_1_1_620
620,https://www.efloorball.net/p/34238/necy-wild-crazy-floorball-set?ts=p_1_1_621
621,https://www.efloorball.net/p/40073/fat-pipe-beast-27-jab-floorball-stick?ts=p_1_1_622
622,https://www.efloorball.net/p/34791/floorbee-spitfire-pro-29-stickbag-ball-set-floorball-stick-with-bag-and-ball?ts=p_1_1_623
623,https://www.efloorball.net/p/37712/floorbee-albatross-36-yellow-toolbag-10-balls-floorball-set?ts=p_1_1_624
624,https://www.efloorball.net/p/40497/zone-floorball-supreme-air-sl-29-apricot-floorball-stick?ts=p_1_1_625
625,https://www.efloorball.net/p/38638/oxdog-sense-hes-25-fp-round-mbc-overlong-floorball-stick?ts=p_1_1_626
626,https://www.efloorball.net/p/34792/floorbee-spitfire-29-stickbag-ball-set-floorball-stick-with-bag-and-ball?ts=p_1_1_627
627,https://www.efloorball.net/p/37829/floorbee-junkers-35-toolbag-10-balls-floorball-set?ts=p_1_1_628
628,https://www.efloorball.net/p/40498/zone-floorball-supreme-air-sl-29-azalea-floorball-stick?ts=p_1_1_629
629,https://www.efloorball.net/p/34794/floorbee-falcon-pro-26-toolbag-balls-floorball-set-of-carbon-sticks?ts=p_1_1_630
630,https://www.efloorball.net/p/38031/salming-salming-hawk-ultralite-f32-floorbee-shotgun-2-0-set-floorball-stick-with-bag?ts=p_1_1_631
631,https://www.efloorball.net/p/34241/necy-simple-mix-apache-sioux-floorball-set-with-bag?ts=p_1_1_632
632,https://www.efloorball.net/p/40499/zone-floorball-supreme-air-sl-29-rhubarb-floorball-stick?ts=p_1_1_633
633,https://www.efloorball.net/p/34795/floorbee-spitfire-pro-29-toolbag-balls-floorball-set-of-carbon-sticks?ts=p_1_1_634
634,https://www.efloorball.net/p/38447/floorbee-floorbee-junkers-35-10-balls-floorball-set?ts=p_1_1_635
635,https://www.efloorball.net/p/40313/floorbee-junkers-35-smu-toolbag-10-balls-floorball-set?ts=p_1_1_636
636,https://www.efloorball.net/p/40500/zone-floorball-supreme-air-sl-29-clementine-floorball-stick?ts=p_1_1_637
637,https://www.efloorball.net/p/34796/floorbee-spitfire-29-toolbag-balls-floorball-set-of-carbon-sticks?ts=p_1_1_638
638,https://www.efloorball.net/p/39465/floorbee-junkers-jet-smu-10-balls-floorball-set?ts=p_1_1_639
639,https://www.efloorball.net/p/38818/eurostick-doz-floorball-set-with-bag?ts=p_1_1_640
640,https://www.efloorball.net/p/38822/eurostick-fire-icebreaker-floorball-set?ts=p_1_1_641
